incident_id,type,area,latitude,longitude,date,time,severity
INC00001,burglary,Ruiru,-1.154007,36.955529,2025-02-03,13:17,High
INC00002,burglary,Githurai,-1.211814,36.900701,2025-02-01,01:29,Low
INC00003,robbery,Karen,-1.322364,36.715668,2025-02-02,14:38,Low
INC00004,suspicious_activity,Kayole,-1.273527,36.932728,2025-01-21,19:16,Medium
INC00005,robbery,Ruiru,-1.152847,36.953674,2025-04-14,09:47,Low
INC00006,accident,Eastleigh,-1.273674,36.861928,2025-04-15,23:13,High
INC00007,assault,Karen,-1.312263,36.709649,2025-01-18,00:37,Medium
INC00008,robbery,Kibera,-1.307909,36.794473,2025-01-23,22:20,Low
INC00009,vandalism,Karen,-1.309685,36.710818,2025-02-21,16:23,High
INC00010,accident,Karen,-1.31692,36.715666,2025-02-12,07:13,Low
INC00011,accident,Thika,-1.044091,37.097019,2025-02-09,20:03,Low
INC00012,flood,Ngong,-1.355787,36.648148,2025-01-10,14:56,Low
INC00013,theft,Umoja,-1.278478,36.893306,2025-05-01,02:49,Low
INC00014,burglary,Umoja,-1.294376,36.893596,2025-03-22,08:57,Low
INC00015,vandalism,Kasarani,-1.225693,36.904911,2025-02-22,22:04,Medium
INC00016,theft,Thika,-1.043915,37.080241,2025-01-19,12:02,Low
INC00017,burglary,Donholm,-1.303201,36.881308,2025-03-04,12:39,High
INC00018,suspicious_activity,Kibera,-1.317447,36.781009,2025-01-19,09:25,Medium
INC00019,suspicious_activity,Langata,-1.345253,36.768635,2025-03-11,02:28,High
INC00020,medical_emergency,Langata,-1.349518,36.767452,2025-02-03,10:57,Low
INC00021,suspicious_activity,Ngong,-1.356398,36.652491,2025-03-12,13:31,High
INC00022,theft,Karen,-1.315279,36.712003,2025-01-29,10:01,Low
INC00023,assault,Kayole,-1.262666,36.914584,2025-03-25,17:22,Medium
INC00024,robbery,Kawangware,-1.279015,36.754326,2025-01-10,23:16,Low
INC00025,assault,Kasarani,-1.223854,36.907447,2025-04-13,06:04,High
INC00026,burglary,Ruiru,-1.145406,36.953464,2025-03-04,11:40,Low
INC00027,theft,Langata,-1.347267,36.757655,2025-02-03,04:28,High
INC00028,accident,Kasarani,-1.236229,36.891965,2025-04-01,08:17,Medium
INC00029,flood,Ruiru,-1.15129,36.967062,2025-02-22,20:45,Low
INC00030,medical_emergency,Umoja,-1.283947,36.899247,2025-04-03,10:47,Low
INC00031,vandalism,Embakasi,-1.323571,36.904223,2025-03-31,15:34,Low
INC00032,theft,Langata,-1.334457,36.756041,2025-03-27,17:18,Medium
INC00033,suspicious_activity,Ruiru,-1.148045,36.954137,2025-04-08,12:57,Medium
INC00034,burglary,Ruiru,-1.152871,36.966948,2025-04-05,13:28,High
INC00035,theft,Kayole,-1.274844,36.925131,2025-03-25,19:01,High
INC00036,robbery,Ngong,-1.362036,36.649841,2025-04-23,00:06,Medium
INC00037,flood,Kibera,-1.314175,36.778045,2025-02-04,00:38,Medium
INC00038,robbery,Kayole,-1.281193,36.916014,2025-03-27,20:53,Medium
INC00039,fire,Ngong,-1.360648,36.663575,2025-04-19,10:36,Low
INC00040,assault,Kibera,-1.315821,36.790926,2025-02-04,17:45,Low
INC00041,robbery,Langata,-1.350918,36.773556,2025-02-01,12:06,Low
INC00042,medical_emergency,Githurai,-1.20649,36.915468,2025-03-29,16:13,Medium
INC00043,medical_emergency,Umoja,-1.292824,36.885618,2025-01-26,12:15,Low
INC00044,flood,Eastleigh,-1.281705,36.857405,2025-03-20,04:03,Low
INC00045,flood,Kibera,-1.320326,36.777861,2025-02-09,21:19,Medium
INC00046,assault,Ruiru,-1.138643,36.951178,2025-03-09,02:25,Low
INC00047,fire,Kibera,-1.303675,36.779253,2025-01-08,10:30,Medium
INC00048,fire,CBD,-1.289917,36.811024,2025-02-01,19:45,Medium
INC00049,robbery,Kasarani,-1.227386,36.904402,2025-02-07,20:40,Low
INC00050,suspicious_activity,Langata,-1.338727,36.764063,2025-02-13,21:11,Low
INC00051,robbery,Kawangware,-1.292282,36.756683,2025-01-31,17:47,Low
INC00052,burglary,Kasarani,-1.227671,36.899643,2025-02-21,23:08,Medium
INC00053,accident,CBD,-1.277483,36.808517,2025-01-11,15:22,High
INC00054,accident,Thika,-1.034497,37.08958,2025-01-20,15:23,Low
INC00055,robbery,Eastleigh,-1.283358,36.860094,2025-04-06,01:41,Low
INC00056,burglary,Thika,-1.041578,37.091127,2025-02-22,02:33,Medium
INC00057,medical_emergency,Donholm,-1.297162,36.878437,2025-05-01,09:53,Medium
INC00058,burglary,Eastleigh,-1.274512,36.854873,2025-03-15,04:31,Low
INC00059,robbery,Langata,-1.345699,36.771033,2025-04-10,19:15,Low
INC00060,theft,Ngong,-1.360905,36.648438,2025-01-25,03:37,High
INC00061,vandalism,Ngong,-1.363959,36.652573,2025-02-20,13:33,Low
INC00062,theft,Thika,-1.043127,37.09379,2025-01-26,20:51,Low
INC00063,fire,Kibera,-1.318066,36.79162,2025-03-10,06:03,Low
INC00064,theft,Karen,-1.323813,36.704497,2025-04-08,09:47,High
INC00065,burglary,Eastleigh,-1.281132,36.850122,2025-03-08,12:19,Low
INC00066,fire,Kasarani,-1.219593,36.8953,2025-04-13,15:56,Low
INC00067,suspicious_activity,Umoja,-1.277837,36.891019,2025-03-01,21:50,Medium
INC00068,fire,Ngong,-1.354775,36.649232,2025-04-17,07:52,High
INC00069,suspicious_activity,Embakasi,-1.325346,36.896152,2025-01-13,05:20,Medium
INC00070,robbery,Embakasi,-1.310314,36.898242,2025-01-02,05:00,Low
INC00071,accident,Ruiru,-1.153769,36.957002,2025-01-17,15:07,Medium
INC00072,burglary,Kibera,-1.305172,36.774854,2025-04-14,12:08,Medium
INC00073,vandalism,Donholm,-1.303571,36.893073,2025-02-08,17:47,Medium
INC00074,flood,Kayole,-1.272504,36.918781,2025-04-05,02:28,High
INC00075,assault,CBD,-1.293499,36.820792,2025-03-25,16:26,Low
INC00076,flood,Ngong,-1.366314,36.648421,2025-03-16,11:07,Low
INC00077,assault,Ngong,-1.358543,36.647211,2025-04-26,09:01,Low
INC00078,theft,Donholm,-1.306284,36.891823,2025-01-07,15:06,Medium
INC00079,theft,Kawangware,-1.282532,36.745767,2025-03-30,14:55,Medium
INC00080,accident,Kayole,-1.270829,36.914062,2025-02-27,14:43,Medium
INC00081,burglary,Kibera,-1.30938,36.793761,2025-04-25,09:12,High
INC00082,flood,Kawangware,-1.279826,36.749224,2025-04-24,14:35,High
INC00083,flood,Eastleigh,-1.272486,36.846894,2025-04-05,07:13,Medium
INC00084,theft,Donholm,-1.29782,36.892769,2025-02-23,21:02,Low
INC00085,theft,Donholm,-1.300772,36.883929,2025-04-19,08:44,Medium
INC00086,flood,Umoja,-1.2881,36.904945,2025-02-20,20:20,High
INC00087,vandalism,Embakasi,-1.325818,36.895244,2025-01-09,01:02,Low
INC00088,assault,Donholm,-1.296614,36.89686,2025-02-27,22:52,Medium
INC00089,burglary,CBD,-1.285041,36.812304,2025-04-21,02:12,Low
INC00090,theft,Kayole,-1.279073,36.926733,2025-03-15,17:58,High
INC00091,flood,Westlands,-1.273839,36.820739,2025-04-20,00:45,High
INC00092,suspicious_activity,Donholm,-1.289923,36.893523,2025-04-02,17:29,Medium
INC00093,theft,Kasarani,-1.234987,36.894691,2025-02-01,09:07,Low
INC00094,assault,Eastleigh,-1.28287,36.848564,2025-02-02,17:45,Low
INC00095,vandalism,Thika,-1.035712,37.098545,2025-01-24,20:45,Low
INC00096,assault,Kayole,-1.271597,36.914579,2025-04-06,07:39,Medium
INC00097,assault,Kibera,-1.318813,36.783926,2025-03-13,18:14,Medium
INC00098,assault,Karen,-1.319802,36.701853,2025-01-02,04:48,High
INC00099,assault,Kawangware,-1.273867,36.741161,2025-02-23,14:47,Low
INC00100,accident,Githurai,-1.216286,36.908573,2025-03-17,13:54,Medium
INC00101,burglary,Kibera,-1.31818,36.790928,2025-02-03,22:12,Low
INC00102,assault,Langata,-1.340113,36.773734,2025-02-24,01:37,Medium
INC00103,medical_emergency,Karen,-1.316248,36.70492,2025-01-22,21:10,Medium
INC00104,accident,Ngong,-1.35493,36.652761,2025-03-30,08:47,Low
INC00105,burglary,Kawangware,-1.283626,36.758493,2025-04-13,20:28,High
INC00106,medical_emergency,Donholm,-1.297084,36.893929,2025-02-02,19:25,Low
INC00107,medical_emergency,Langata,-1.348867,36.754957,2025-01-10,15:22,Low
INC00108,assault,Embakasi,-1.315863,36.895944,2025-04-11,05:19,High
INC00109,fire,Karen,-1.322956,36.715196,2025-01-01,20:02,Low
INC00110,flood,Westlands,-1.267148,36.816568,2025-04-14,23:46,Medium
INC00111,flood,Ruiru,-1.144461,36.955728,2025-02-23,14:57,Medium
INC00112,theft,Kayole,-1.26728,36.916821,2025-02-13,12:24,Medium
INC00113,vandalism,Langata,-1.3438,36.762962,2025-03-03,11:28,Low
INC00114,vandalism,Kasarani,-1.236007,36.9046,2025-02-05,05:22,Low
INC00115,suspicious_activity,Githurai,-1.199057,36.900825,2025-03-13,06:40,Low
INC00116,robbery,Ruiru,-1.146818,36.953879,2025-03-14,11:47,Medium
INC00117,robbery,Kayole,-1.280885,36.931549,2025-02-06,06:47,Low
INC00118,medical_emergency,Donholm,-1.303066,36.882662,2025-01-29,10:00,High
INC00119,medical_emergency,Eastleigh,-1.27961,36.854124,2025-01-08,10:15,Low
INC00120,fire,Ruiru,-1.152953,36.951238,2025-03-15,05:53,Low
INC00121,fire,Kibera,-1.317606,36.776136,2025-04-09,20:50,High
INC00122,theft,Umoja,-1.286378,36.899007,2025-03-30,01:22,Low
INC00123,assault,Kasarani,-1.225728,36.89704,2025-04-22,11:40,High
INC00124,robbery,Thika,-1.048582,37.09347,2025-03-03,17:30,Low
INC00125,robbery,Thika,-1.035022,37.091863,2025-01-21,00:39,Medium
INC00126,vandalism,Eastleigh,-1.280785,36.849974,2025-04-20,05:24,Low
INC00127,burglary,Ruiru,-1.143878,36.963239,2025-03-26,04:37,Medium
INC00128,robbery,Kibera,-1.309597,36.77891,2025-04-23,15:08,Medium
INC00129,assault,CBD,-1.283447,36.808215,2025-01-20,12:57,Medium
INC00130,flood,Eastleigh,-1.278789,36.854418,2025-01-23,11:18,Medium
INC00131,suspicious_activity,Ruiru,-1.151218,36.951262,2025-02-20,03:37,Low
INC00132,flood,Thika,-1.043618,37.098872,2025-01-29,21:24,High
INC00133,assault,CBD,-1.288113,36.825312,2025-03-05,13:21,Medium
INC00134,burglary,Karen,-1.324988,36.703279,2025-03-24,15:03,High
INC00135,suspicious_activity,Umoja,-1.290206,36.897548,2025-02-07,19:22,Medium
INC00136,vandalism,Thika,-1.044341,37.08524,2025-04-15,01:09,Low
INC00137,suspicious_activity,Umoja,-1.280965,36.898153,2025-02-17,08:53,Medium
INC00138,flood,Kawangware,-1.276419,36.75303,2025-01-24,14:51,Low
INC00139,vandalism,Kayole,-1.26727,36.917959,2025-01-07,06:53,Medium
INC00140,theft,Donholm,-1.2875,36.883413,2025-01-18,13:53,High
INC00141,accident,Kawangware,-1.283785,36.759819,2025-04-13,20:14,Low
INC00142,accident,Westlands,-1.273881,36.815262,2025-04-23,03:24,Low
INC00143,theft,Ngong,-1.356551,36.649539,2025-04-24,17:08,Medium
INC00144,assault,Langata,-1.340965,36.756104,2025-02-24,19:00,Medium
INC00145,flood,Thika,-1.046286,37.081443,2025-03-25,03:05,High
INC00146,vandalism,Westlands,-1.277287,36.813111,2025-03-13,09:39,Medium
INC00147,vandalism,Westlands,-1.259077,36.815692,2025-02-26,04:19,High
INC00148,burglary,Kasarani,-1.220573,36.901192,2025-01-19,04:17,Low
INC00149,fire,Eastleigh,-1.28518,36.857066,2025-02-17,15:04,Low
INC00150,vandalism,Githurai,-1.199658,36.910184,2025-04-06,01:18,Low
INC00151,flood,Langata,-1.333858,36.769254,2025-02-24,03:43,Medium
INC00152,theft,Embakasi,-1.313715,36.89278,2025-03-11,14:44,Medium
INC00153,accident,Thika,-1.030734,37.095589,2025-02-03,19:34,Low
INC00154,flood,Githurai,-1.210283,36.904753,2025-01-06,18:53,Low
INC00155,burglary,Kayole,-1.268132,36.928828,2025-01-23,08:36,Low
INC00156,medical_emergency,Kayole,-1.269758,36.933477,2025-02-06,15:16,Medium
INC00157,vandalism,Kayole,-1.264502,36.926891,2025-03-19,12:24,High
INC00158,flood,Langata,-1.351468,36.764043,2025-04-27,14:19,Low
INC00159,robbery,Kayole,-1.271156,36.921621,2025-04-10,06:02,High
INC00160,accident,Umoja,-1.288992,36.894387,2025-03-23,23:40,Low
INC00161,flood,Eastleigh,-1.271008,36.856753,2025-02-13,12:52,Low
INC00162,robbery,Umoja,-1.27586,36.901158,2025-04-12,23:32,Medium
INC00163,flood,Umoja,-1.292201,36.890055,2025-02-15,07:16,Medium
INC00164,flood,Ruiru,-1.147471,36.960137,2025-04-13,03:33,High
INC00165,vandalism,Embakasi,-1.316898,36.900956,2025-03-07,04:18,Medium
INC00166,assault,CBD,-1.282105,36.825939,2025-04-20,23:58,Medium
INC00167,assault,Kayole,-1.280338,36.916498,2025-01-26,00:35,Low
INC00168,vandalism,Langata,-1.351366,36.768144,2025-02-12,15:15,Low
INC00169,flood,Ngong,-1.357789,36.657308,2025-03-18,12:06,High
INC00170,assault,Kibera,-1.311031,36.786285,2025-04-28,13:11,Medium
INC00171,flood,Karen,-1.315345,36.705174,2025-03-18,07:03,Low
INC00172,theft,Thika,-1.042179,37.080995,2025-03-25,13:22,Medium
INC00173,robbery,Eastleigh,-1.267169,36.846042,2025-04-17,21:12,Low
INC00174,vandalism,Embakasi,-1.316202,36.890849,2025-02-14,06:13,High
INC00175,accident,Githurai,-1.199651,36.899636,2025-01-14,00:15,Low
INC00176,fire,Thika,-1.047294,37.089492,2025-03-27,13:25,Low
INC00177,fire,Kibera,-1.322294,36.781175,2025-02-24,17:57,Medium
INC00178,vandalism,Ruiru,-1.152353,36.956639,2025-01-10,01:19,Low
INC00179,theft,Embakasi,-1.325112,36.891781,2025-03-23,13:54,Medium
INC00180,assault,Kibera,-1.304085,36.78589,2025-03-07,05:27,Medium
INC00181,assault,Githurai,-1.206795,36.9109,2025-01-24,19:49,Medium
INC00182,theft,CBD,-1.27884,36.81653,2025-01-24,00:37,Medium
INC00183,accident,Umoja,-1.292107,36.904186,2025-03-15,07:40,Low
INC00184,theft,Kasarani,-1.219837,36.894987,2025-03-11,23:00,Medium
INC00185,burglary,Kasarani,-1.237663,36.892771,2025-03-03,15:49,Low
INC00186,fire,Kibera,-1.321553,36.794512,2025-01-04,21:44,High
INC00187,robbery,Kayole,-1.268044,36.922193,2025-01-27,15:48,Low
INC00188,theft,Kayole,-1.279024,36.923249,2025-03-10,07:39,Medium
INC00189,fire,Embakasi,-1.326572,36.8928,2025-04-01,04:21,Medium
INC00190,burglary,Langata,-1.341757,36.759558,2025-01-02,05:48,Low
INC00191,accident,Westlands,-1.269362,36.812095,2025-01-14,21:35,Medium
INC00192,accident,Kibera,-1.30424,36.793451,2025-01-03,08:21,Medium
INC00193,medical_emergency,Embakasi,-1.320507,36.890283,2025-04-09,09:08,Low
INC00194,fire,Karen,-1.328594,36.7028,2025-02-05,09:59,Low
INC00195,robbery,Westlands,-1.258604,36.812733,2025-03-11,19:02,Low
INC00196,accident,Westlands,-1.264798,36.801903,2025-01-18,19:25,Low
INC00197,robbery,Karen,-1.314112,36.698001,2025-03-16,16:53,Medium
INC00198,fire,Ngong,-1.370783,36.665986,2025-04-10,12:43,High
INC00199,medical_emergency,Kasarani,-1.229041,36.900389,2025-02-06,08:41,Medium
INC00200,fire,Thika,-1.035688,37.087582,2025-03-14,10:46,Medium
INC00201,theft,Eastleigh,-1.283535,36.85824,2025-03-13,23:06,High
INC00202,suspicious_activity,Umoja,-1.276802,36.895795,2025-04-11,10:46,Low
INC00203,vandalism,Kasarani,-1.230934,36.899569,2025-04-22,01:46,Medium
INC00204,robbery,Kawangware,-1.292896,36.747915,2025-01-20,18:52,Medium
INC00205,suspicious_activity,Kawangware,-1.286446,36.74604,2025-02-22,20:28,Medium
INC00206,burglary,Kibera,-1.314718,36.786306,2025-04-16,02:50,Low
INC00207,assault,Ngong,-1.356926,36.661822,2025-02-11,11:08,Low
INC00208,burglary,Eastleigh,-1.267498,36.860211,2025-04-07,18:16,Medium
INC00209,robbery,Kasarani,-1.231818,36.90798,2025-01-08,16:35,High
INC00210,accident,Langata,-1.349779,36.754151,2025-01-08,06:52,Medium
INC00211,robbery,Karen,-1.317813,36.70906,2025-02-23,21:30,Low
INC00212,theft,Donholm,-1.298959,36.880822,2025-03-17,05:30,Medium
INC00213,fire,Umoja,-1.289359,36.895081,2025-04-05,08:22,Medium
INC00214,vandalism,CBD,-1.28631,36.813667,2025-02-23,04:36,Low
INC00215,robbery,Westlands,-1.273658,36.80759,2025-01-31,11:59,Medium
INC00216,fire,Githurai,-1.202238,36.906589,2025-01-19,13:26,High
INC00217,suspicious_activity,Kayole,-1.281931,36.913924,2025-01-07,10:41,High
INC00218,flood,Karen,-1.315601,36.707191,2025-05-01,19:21,Medium
INC00219,suspicious_activity,Kawangware,-1.28528,36.743539,2025-01-18,23:45,Medium
INC00220,assault,Thika,-1.04756,37.083441,2025-01-09,01:42,Low
INC00221,burglary,Eastleigh,-1.279665,36.843566,2025-03-28,13:23,High
INC00222,medical_emergency,Ruiru,-1.144596,36.959997,2025-01-06,23:39,Low
INC00223,robbery,Ngong,-1.361179,36.650333,2025-04-26,04:19,Medium
INC00224,burglary,Kibera,-1.31017,36.775729,2025-04-09,05:51,Low
INC00225,flood,Umoja,-1.285906,36.894913,2025-03-24,06:23,Medium
INC00226,flood,Thika,-1.033331,37.089116,2025-01-21,10:42,Medium
INC00227,fire,Umoja,-1.28151,36.895285,2025-01-05,04:16,Medium
INC00228,suspicious_activity,Thika,-1.039738,37.085974,2025-03-29,09:17,Medium
INC00229,suspicious_activity,Kawangware,-1.282704,36.751353,2025-04-30,14:19,High
INC00230,flood,Kawangware,-1.284261,36.75722,2025-02-26,07:50,High
INC00231,assault,Ngong,-1.356826,36.651606,2025-04-02,14:10,Low
INC00232,burglary,Eastleigh,-1.281508,36.850352,2025-02-03,11:13,Medium
INC00233,assault,Karen,-1.314857,36.701427,2025-04-14,15:27,Low
INC00234,medical_emergency,Kayole,-1.277619,36.919071,2025-03-11,10:11,Medium
INC00235,assault,Karen,-1.328039,36.715084,2025-03-16,04:54,High
INC00236,medical_emergency,Kibera,-1.312813,36.788662,2025-04-06,12:14,Low
INC00237,burglary,Kibera,-1.321524,36.785599,2025-03-21,05:23,Medium
INC00238,robbery,Kayole,-1.277533,36.924533,2025-03-03,03:46,Low
INC00239,vandalism,Kawangware,-1.285292,36.753974,2025-04-07,02:16,Low
INC00240,theft,Eastleigh,-1.28406,36.857461,2025-01-29,16:47,Low
INC00241,burglary,Kasarani,-1.237675,36.895108,2025-03-30,01:06,Medium
INC00242,flood,Kayole,-1.280025,36.92993,2025-04-08,21:34,Low
INC00243,vandalism,Kayole,-1.269872,36.929371,2025-04-30,04:40,Low
INC00244,suspicious_activity,Langata,-1.350065,36.767547,2025-04-28,17:15,Low
INC00245,theft,Ruiru,-1.147833,36.952195,2025-01-22,01:08,Medium
INC00246,medical_emergency,Donholm,-1.300112,36.891117,2025-03-08,19:16,Low
INC00247,burglary,Karen,-1.309761,36.706993,2025-03-18,06:49,High
INC00248,medical_emergency,Langata,-1.347634,36.765422,2025-03-17,06:26,Low
INC00249,theft,Ruiru,-1.147793,36.961453,2025-01-22,00:25,Medium
INC00250,robbery,CBD,-1.289665,36.817926,2025-03-27,02:21,Medium
INC00251,robbery,Kayole,-1.279701,36.917398,2025-01-06,02:22,High
INC00252,theft,Ngong,-1.359924,36.658869,2025-03-22,14:53,Medium
INC00253,accident,Ngong,-1.354835,36.654242,2025-04-01,05:08,High
INC00254,medical_emergency,Karen,-1.317313,36.709112,2025-02-20,08:55,Low
INC00255,vandalism,CBD,-1.28418,36.826858,2025-04-21,12:49,Medium
INC00256,burglary,Umoja,-1.289137,36.893341,2025-02-15,10:47,Low
INC00257,medical_emergency,Umoja,-1.288675,36.887408,2025-04-17,08:52,High
INC00258,flood,Kasarani,-1.230164,36.894788,2025-03-27,01:31,Low
INC00259,robbery,Umoja,-1.289863,36.902669,2025-03-29,15:43,Low
INC00260,burglary,Karen,-1.314214,36.706966,2025-03-21,12:12,High
INC00261,flood,Karen,-1.313543,36.702275,2025-01-23,08:59,Medium
INC00262,flood,Embakasi,-1.322577,36.887781,2025-01-27,08:56,Low
INC00263,suspicious_activity,CBD,-1.285321,36.810798,2025-01-24,14:12,Medium
INC00264,theft,Kasarani,-1.221452,36.895704,2025-04-08,06:02,Low
INC00265,fire,Eastleigh,-1.27669,36.847016,2025-03-27,12:56,Medium
INC00266,vandalism,Kawangware,-1.290796,36.754513,2025-02-09,15:27,Low
INC00267,suspicious_activity,Thika,-1.038846,37.098045,2025-04-11,06:19,Low
INC00268,accident,Westlands,-1.270811,36.802437,2025-01-13,13:16,Low
INC00269,accident,Kawangware,-1.27786,36.743155,2025-02-05,21:48,Low
INC00270,accident,Eastleigh,-1.272576,36.850122,2025-04-27,16:53,High
INC00271,vandalism,Kasarani,-1.225256,36.909527,2025-03-07,15:27,High
INC00272,theft,Kawangware,-1.276621,36.748169,2025-01-14,23:46,Low
INC00273,suspicious_activity,CBD,-1.290481,36.807883,2025-04-26,22:08,Low
INC00274,fire,Ngong,-1.367057,36.654466,2025-03-08,23:00,Medium
INC00275,burglary,Kibera,-1.305839,36.790232,2025-04-28,16:34,Medium
INC00276,fire,Langata,-1.349961,36.759609,2025-03-10,08:10,Medium
INC00277,theft,Githurai,-1.199364,36.907533,2025-03-28,20:57,Low
INC00278,vandalism,Embakasi,-1.324328,36.900629,2025-02-14,09:20,Medium
INC00279,robbery,Kawangware,-1.289976,36.750946,2025-03-16,09:19,High
INC00280,vandalism,CBD,-1.289871,36.813639,2025-01-23,21:12,High
INC00281,accident,Kayole,-1.264525,36.925894,2025-03-12,17:23,Low
INC00282,vandalism,Langata,-1.350835,36.758845,2025-01-01,07:15,High
INC00283,fire,Embakasi,-1.311913,36.893114,2025-03-15,02:30,Medium
INC00284,vandalism,Langata,-1.346487,36.755842,2025-01-23,11:24,Low
INC00285,assault,Kasarani,-1.236727,36.896547,2025-03-23,06:03,Medium
INC00286,assault,Githurai,-1.209741,36.908887,2025-02-26,14:53,Low
INC00287,burglary,Donholm,-1.295978,36.890699,2025-04-24,15:22,Low
INC00288,robbery,Kawangware,-1.279763,36.754844,2025-02-26,15:17,Low
INC00289,burglary,Githurai,-1.207271,36.906684,2025-03-05,08:37,Medium
INC00290,suspicious_activity,Donholm,-1.29567,36.894331,2025-02-25,16:23,Low
INC00291,accident,Ngong,-1.360582,36.649913,2025-02-14,12:12,High
INC00292,theft,Donholm,-1.291526,36.893506,2025-04-05,03:35,High
INC00293,fire,Eastleigh,-1.275509,36.860736,2025-02-25,02:15,High
INC00294,theft,Westlands,-1.266272,36.810037,2025-03-16,14:58,Low
INC00295,assault,Kayole,-1.281002,36.928964,2025-03-30,19:41,Medium
INC00296,theft,Kibera,-1.311662,36.788933,2025-04-03,17:28,Low
INC00297,accident,Kayole,-1.276939,36.9297,2025-04-15,05:04,Low
INC00298,fire,Eastleigh,-1.285076,36.856264,2025-04-12,02:36,Low
INC00299,fire,Karen,-1.311008,36.709212,2025-02-26,13:01,Medium
INC00300,accident,Thika,-1.038903,37.081597,2025-03-25,08:31,Low
INC00301,robbery,Kayole,-1.263012,36.932139,2025-03-03,21:22,Low
INC00302,burglary,Donholm,-1.298089,36.893011,2025-04-07,15:45,High
INC00303,medical_emergency,Thika,-1.046889,37.091019,2025-03-15,19:12,Medium
INC00304,medical_emergency,Githurai,-1.204325,36.898481,2025-01-10,18:14,Medium
INC00305,theft,Ngong,-1.360378,36.664446,2025-02-10,12:24,Medium
INC00306,fire,Karen,-1.328742,36.714593,2025-01-28,19:19,Low
INC00307,suspicious_activity,Donholm,-1.300792,36.892665,2025-04-28,20:14,Medium
INC00308,accident,Embakasi,-1.310483,36.896848,2025-02-17,15:52,Medium
INC00309,theft,Kibera,-1.308197,36.777276,2025-01-17,17:47,High
INC00310,fire,Eastleigh,-1.272121,36.847404,2025-04-03,16:51,Medium
INC00311,burglary,Donholm,-1.299765,36.884946,2025-01-18,22:53,High
INC00312,theft,Umoja,-1.291648,36.885874,2025-03-02,02:15,High
INC00313,assault,Donholm,-1.306005,36.883997,2025-03-19,19:19,Medium
INC00314,theft,Kawangware,-1.288206,36.756018,2025-01-22,15:06,Low
INC00315,theft,Kayole,-1.272955,36.931183,2025-03-07,01:40,Medium
INC00316,fire,Kayole,-1.2688,36.927401,2025-03-29,05:06,Medium
INC00317,accident,Ngong,-1.367924,36.653816,2025-04-18,02:42,Medium
INC00318,robbery,Donholm,-1.300726,36.887024,2025-04-03,23:25,Medium
INC00319,assault,CBD,-1.294279,36.822317,2025-03-18,14:30,Low
INC00320,assault,Langata,-1.333981,36.765803,2025-01-05,20:54,High
INC00321,medical_emergency,Ruiru,-1.155574,36.955762,2025-03-16,02:47,Medium
INC00322,vandalism,Eastleigh,-1.269465,36.853473,2025-03-27,05:34,Medium
INC00323,theft,Kibera,-1.305734,36.792929,2025-01-28,03:54,High
INC00324,vandalism,Embakasi,-1.317154,36.898348,2025-03-10,06:07,Medium
INC00325,suspicious_activity,Kawangware,-1.284996,36.752247,2025-01-14,05:38,Medium
INC00326,medical_emergency,Kayole,-1.268258,36.927832,2025-04-10,04:31,Medium
INC00327,robbery,Kasarani,-1.235823,36.897463,2025-02-06,16:39,Low
INC00328,accident,Eastleigh,-1.278221,36.843997,2025-04-24,16:45,High
INC00329,theft,Langata,-1.347262,36.763322,2025-01-28,05:10,Medium
INC00330,assault,Eastleigh,-1.283944,36.847268,2025-03-14,11:49,Low
INC00331,vandalism,Kasarani,-1.235025,36.904288,2025-04-19,20:00,Low
INC00332,robbery,Embakasi,-1.320255,36.904281,2025-02-02,02:41,High
INC00333,suspicious_activity,CBD,-1.293189,36.813114,2025-01-15,22:46,Low
INC00334,suspicious_activity,Karen,-1.326105,36.714813,2025-04-02,15:22,Medium
INC00335,suspicious_activity,Ngong,-1.359007,36.658095,2025-04-22,12:23,Medium
INC00336,fire,Westlands,-1.262047,36.820396,2025-03-13,02:00,Low
INC00337,flood,Kasarani,-1.225033,36.895229,2025-04-30,08:50,Low
INC00338,fire,Kibera,-1.314748,36.775173,2025-02-17,01:24,Medium
INC00339,robbery,CBD,-1.290801,36.8183,2025-02-10,03:29,Medium
INC00340,flood,Thika,-1.04944,37.090313,2025-04-25,04:28,High
INC00341,assault,Eastleigh,-1.271844,36.853204,2025-01-22,08:51,Medium
INC00342,burglary,Kibera,-1.310277,36.783455,2025-03-21,12:11,Low
INC00343,burglary,Thika,-1.046393,37.084035,2025-03-27,07:57,Low
INC00344,theft,Donholm,-1.290402,36.87874,2025-04-02,12:14,Low
INC00345,flood,Kayole,-1.277038,36.930842,2025-02-20,22:09,Medium
INC00346,burglary,Thika,-1.038138,37.088588,2025-04-12,17:14,Medium
INC00347,fire,Karen,-1.323641,36.697996,2025-03-11,21:33,High
INC00348,vandalism,Ruiru,-1.139648,36.958374,2025-01-13,00:13,Medium
INC00349,flood,Kawangware,-1.278347,36.759754,2025-03-09,20:22,Low
INC00350,accident,Eastleigh,-1.27305,36.861659,2025-01-19,03:16,Low
INC00351,assault,Thika,-1.030146,37.099844,2025-01-13,03:16,Low
INC00352,robbery,Kasarani,-1.227438,36.90435,2025-04-11,18:05,High
INC00353,burglary,Kibera,-1.317628,36.785709,2025-03-06,02:02,High
INC00354,vandalism,CBD,-1.279203,36.80995,2025-02-15,01:46,Low
INC00355,burglary,Kayole,-1.265159,36.933365,2025-05-01,11:50,Medium
INC00356,burglary,Kibera,-1.304797,36.793055,2025-01-28,22:47,Low
INC00357,accident,Umoja,-1.282213,36.901529,2025-04-16,06:58,High
INC00358,robbery,Langata,-1.346048,36.761642,2025-04-28,19:59,Medium
INC00359,flood,CBD,-1.295775,36.813813,2025-02-03,08:51,Medium
INC00360,suspicious_activity,Embakasi,-1.318102,36.901497,2025-03-13,06:39,High
INC00361,vandalism,Donholm,-1.287793,36.887336,2025-04-07,14:43,High
INC00362,burglary,Donholm,-1.299617,36.89463,2025-03-16,13:15,Low
INC00363,flood,CBD,-1.286283,36.818696,2025-03-12,02:13,Low
INC00364,vandalism,Karen,-1.322132,36.69971,2025-03-02,18:07,Low
INC00365,vandalism,Donholm,-1.295879,36.882322,2025-04-20,06:51,Medium
INC00366,assault,Eastleigh,-1.277375,36.853129,2025-02-22,21:20,Low
INC00367,vandalism,Kibera,-1.307587,36.78124,2025-01-02,23:19,Medium
INC00368,flood,Ngong,-1.363021,36.658231,2025-04-06,03:34,Medium
INC00369,fire,Kasarani,-1.237492,36.906312,2025-01-14,13:16,Low
INC00370,vandalism,Embakasi,-1.314178,36.890539,2025-04-30,20:24,Medium
INC00371,robbery,Westlands,-1.266216,36.807476,2025-04-18,22:02,Low
INC00372,suspicious_activity,Donholm,-1.28724,36.897921,2025-04-04,08:27,High
INC00373,robbery,Githurai,-1.205359,36.902077,2025-01-05,22:44,High
INC00374,medical_emergency,Karen,-1.316225,36.703062,2025-02-23,05:29,Medium
INC00375,medical_emergency,Ngong,-1.365908,36.660671,2025-04-02,22:54,Medium
INC00376,burglary,Kawangware,-1.28267,36.758231,2025-02-12,23:48,Low
INC00377,theft,Ruiru,-1.15263,36.961517,2025-01-15,11:39,High
INC00378,theft,Ruiru,-1.13891,36.960868,2025-01-21,14:44,Medium
INC00379,flood,Embakasi,-1.329071,36.891894,2025-01-27,09:23,Low
INC00380,burglary,Westlands,-1.276097,36.803128,2025-03-02,09:45,High
INC00381,theft,Westlands,-1.258678,36.818969,2025-02-05,20:29,Medium
INC00382,theft,Kayole,-1.268936,36.914375,2025-03-24,05:31,Low
INC00383,fire,Karen,-1.314184,36.710035,2025-03-04,23:15,High
INC00384,assault,Embakasi,-1.318914,36.885103,2025-03-25,02:11,Medium
INC00385,robbery,Kayole,-1.267074,36.928764,2025-03-01,06:54,High
INC00386,fire,Westlands,-1.270635,36.811037,2025-03-25,10:56,Medium
INC00387,vandalism,Kasarani,-1.233217,36.909116,2025-04-06,04:42,Low
INC00388,robbery,Eastleigh,-1.269708,36.858995,2025-03-30,19:52,High
INC00389,medical_emergency,Karen,-1.315443,36.703908,2025-03-18,03:25,Low
INC00390,suspicious_activity,Thika,-1.03891,37.0929,2025-03-10,09:52,Low
INC00391,flood,Ngong,-1.370558,36.661246,2025-01-25,21:28,Medium
INC00392,vandalism,Kibera,-1.304905,36.794459,2025-02-10,21:37,Low
INC00393,burglary,Thika,-1.030361,37.084902,2025-01-07,17:40,Medium
INC00394,vandalism,Westlands,-1.261824,36.801181,2025-03-12,03:39,Low
INC00395,vandalism,Githurai,-1.203582,36.91287,2025-02-10,06:58,Medium
INC00396,robbery,Westlands,-1.261892,36.818325,2025-01-26,17:20,High
INC00397,theft,Githurai,-1.201371,36.901078,2025-03-28,03:14,Medium
INC00398,medical_emergency,Thika,-1.042418,37.091876,2025-02-17,19:31,Medium
INC00399,fire,Kawangware,-1.288796,36.754581,2025-02-11,10:32,Low
INC00400,robbery,Westlands,-1.263609,36.807227,2025-04-04,06:16,Medium
INC00401,robbery,Umoja,-1.2767,36.903009,2025-01-29,17:01,High
INC00402,theft,Langata,-1.34305,36.760413,2025-03-03,21:40,Low
INC00403,burglary,Kibera,-1.313421,36.778958,2025-03-31,02:19,Low
INC00404,assault,Westlands,-1.275154,36.802586,2025-01-13,12:59,Low
INC00405,suspicious_activity,Langata,-1.350623,36.760269,2025-04-18,08:38,Medium
INC00406,vandalism,Kayole,-1.271069,36.921518,2025-02-02,00:18,Low
INC00407,robbery,Kawangware,-1.2859,36.747823,2025-01-09,15:55,High
INC00408,accident,Langata,-1.350299,36.769517,2025-03-24,22:15,Medium
INC00409,accident,Langata,-1.34001,36.767541,2025-04-03,02:51,Medium
INC00410,suspicious_activity,Ngong,-1.365652,36.650566,2025-02-22,03:15,Medium
INC00411,fire,Githurai,-1.204279,36.906289,2025-03-20,16:12,Low
INC00412,theft,CBD,-1.283866,36.808183,2025-01-06,02:15,Medium
INC00413,assault,Kawangware,-1.280043,36.744784,2025-01-14,20:37,Low
INC00414,medical_emergency,Eastleigh,-1.271768,36.855137,2025-04-10,23:15,Low
INC00415,robbery,CBD,-1.293531,36.82122,2025-04-18,17:00,Low
INC00416,accident,Langata,-1.335066,36.757283,2025-01-10,08:19,Medium
INC00417,assault,Donholm,-1.303339,36.88916,2025-04-27,01:44,Medium
INC00418,robbery,Ruiru,-1.142644,36.954619,2025-02-10,16:04,Medium
INC00419,accident,Umoja,-1.287026,36.890992,2025-01-06,21:59,Low
INC00420,theft,Kayole,-1.277737,36.924985,2025-03-19,06:35,Medium
INC00421,fire,Ngong,-1.370436,36.651301,2025-02-04,20:03,Low
INC00422,robbery,Westlands,-1.258482,36.812486,2025-01-04,11:59,Low
INC00423,assault,Embakasi,-1.326571,36.898209,2025-02-04,23:01,Medium
INC00424,medical_emergency,Ngong,-1.363642,36.659214,2025-02-20,16:19,Low
INC00425,fire,Kasarani,-1.237077,36.895622,2025-04-01,21:18,Medium
INC00426,fire,Kasarani,-1.230103,36.90737,2025-02-20,05:10,Medium
INC00427,theft,Langata,-1.333932,36.757872,2025-04-09,13:21,Medium
INC00428,assault,Kayole,-1.268978,36.914513,2025-04-08,01:53,Medium
INC00429,accident,Kawangware,-1.280364,36.758788,2025-02-26,13:06,Medium
INC00430,vandalism,Kibera,-1.317651,36.786355,2025-02-23,17:22,Medium
INC00431,vandalism,CBD,-1.293361,36.816538,2025-01-23,11:14,Medium
INC00432,vandalism,Ruiru,-1.150607,36.951297,2025-02-28,04:33,High
INC00433,assault,Ruiru,-1.145006,36.962077,2025-03-06,03:28,Medium
INC00434,theft,Kasarani,-1.235316,36.898366,2025-02-27,19:03,Low
INC00435,suspicious_activity,Kawangware,-1.279242,36.742009,2025-01-15,12:38,Low
INC00436,flood,Embakasi,-1.315346,36.898906,2025-02-09,20:02,High
INC00437,assault,Langata,-1.337582,36.75592,2025-03-31,07:41,Medium
INC00438,theft,CBD,-1.281797,36.818957,2025-02-27,17:51,Medium
INC00439,assault,Ruiru,-1.149619,36.96618,2025-04-12,23:38,Low
INC00440,suspicious_activity,Githurai,-1.213045,36.899062,2025-02-02,07:07,High
INC00441,flood,Kasarani,-1.231184,36.907942,2025-02-19,23:36,Medium
INC00442,burglary,Ruiru,-1.147893,36.955754,2025-02-07,22:14,High
INC00443,fire,Westlands,-1.275081,36.818951,2025-02-18,02:41,Medium
INC00444,accident,Kibera,-1.31747,36.775755,2025-04-27,10:41,Low
INC00445,robbery,Umoja,-1.280188,36.88957,2025-01-13,18:39,Medium
INC00446,flood,Thika,-1.041606,37.094391,2025-03-29,06:16,Medium
INC00447,medical_emergency,Ruiru,-1.153549,36.955004,2025-01-07,06:44,Low
INC00448,accident,Kawangware,-1.288728,36.751013,2025-03-19,19:31,Low
INC00449,theft,Embakasi,-1.318698,36.896168,2025-02-28,00:29,Medium
INC00450,robbery,Langata,-1.336764,36.756493,2025-03-19,22:00,Medium
INC00451,vandalism,Thika,-1.048437,37.098252,2025-02-06,22:06,Low
INC00452,assault,CBD,-1.293537,36.810753,2025-03-15,17:03,Medium
INC00453,flood,Umoja,-1.28977,36.895271,2025-01-08,15:24,Medium
INC00454,vandalism,Kawangware,-1.288087,36.752524,2025-01-19,04:48,Low
INC00455,theft,Karen,-1.310327,36.704119,2025-01-10,08:01,Low
INC00456,assault,Westlands,-1.258588,36.817928,2025-01-10,18:09,Low
INC00457,flood,CBD,-1.292973,36.824184,2025-03-24,18:00,Low
INC00458,robbery,Westlands,-1.276712,36.817743,2025-03-11,13:13,Low
INC00459,robbery,Kayole,-1.277092,36.926509,2025-01-26,08:13,Medium
INC00460,flood,Kibera,-1.322476,36.794505,2025-03-24,21:59,Low
INC00461,accident,Langata,-1.336773,36.763953,2025-02-02,20:31,High
INC00462,suspicious_activity,Westlands,-1.265809,36.808879,2025-01-26,15:22,Medium
INC00463,fire,Githurai,-1.214137,36.900866,2025-01-14,22:49,Low
INC00464,theft,Eastleigh,-1.284279,36.861398,2025-01-20,15:26,Low
INC00465,robbery,Karen,-1.310953,36.700954,2025-03-01,15:37,Low
INC00466,suspicious_activity,Langata,-1.345253,36.770443,2025-01-01,17:19,Medium
INC00467,burglary,Kibera,-1.306006,36.775873,2025-02-22,14:22,Medium
INC00468,suspicious_activity,Ruiru,-1.139127,36.954866,2025-03-31,07:59,Medium
INC00469,flood,Githurai,-1.211974,36.898338,2025-03-28,18:42,Low
INC00470,assault,Kasarani,-1.2246,36.892942,2025-03-08,00:36,High
INC00471,theft,Westlands,-1.259233,36.814283,2025-01-14,08:56,High
INC00472,burglary,Eastleigh,-1.285669,36.858644,2025-03-07,08:21,Medium
INC00473,suspicious_activity,Githurai,-1.216225,36.89995,2025-03-21,04:50,Low
INC00474,fire,Kawangware,-1.283159,36.744082,2025-03-05,09:41,High
INC00475,robbery,Karen,-1.324051,36.716152,2025-01-31,08:24,Medium
INC00476,suspicious_activity,Githurai,-1.205975,36.914598,2025-01-16,02:26,Low
INC00477,fire,Langata,-1.352436,36.758377,2025-03-06,07:58,Low
INC00478,robbery,Kibera,-1.318021,36.779253,2025-02-01,23:59,Low
INC00479,suspicious_activity,Eastleigh,-1.26743,36.84513,2025-03-10,19:39,Low
INC00480,accident,Eastleigh,-1.274437,36.84399,2025-01-04,08:46,Low
INC00481,flood,Kibera,-1.321928,36.792392,2025-02-21,03:09,High
INC00482,medical_emergency,Kasarani,-1.232547,36.903386,2025-01-04,23:28,Medium
INC00483,suspicious_activity,Embakasi,-1.315792,36.894014,2025-04-06,21:23,Medium
INC00484,fire,Ngong,-1.360631,36.654275,2025-02-19,05:05,High
INC00485,vandalism,Kayole,-1.265814,36.932719,2025-01-30,14:59,Low
INC00486,medical_emergency,Thika,-1.04636,37.09836,2025-04-02,18:31,Low
INC00487,vandalism,Embakasi,-1.312228,36.88731,2025-04-02,06:21,Low
INC00488,fire,Kawangware,-1.282186,36.754355,2025-03-23,10:40,High
INC00489,medical_emergency,Kayole,-1.280272,36.919806,2025-01-01,07:24,Low
INC00490,assault,Ngong,-1.352666,36.666119,2025-04-08,04:48,Low
INC00491,burglary,Eastleigh,-1.279702,36.85598,2025-04-28,08:31,Low
INC00492,theft,Kayole,-1.276324,36.932213,2025-01-11,08:29,Low
INC00493,suspicious_activity,Donholm,-1.300905,36.888357,2025-04-19,20:40,High
INC00494,flood,Githurai,-1.215321,36.899352,2025-01-13,01:19,Low
INC00495,medical_emergency,Embakasi,-1.313887,36.886965,2025-01-03,20:54,High
INC00496,assault,Langata,-1.334467,36.756809,2025-04-29,13:20,Low
INC00497,robbery,Westlands,-1.273916,36.80542,2025-03-21,21:56,Medium
INC00498,burglary,Kayole,-1.262295,36.921144,2025-01-31,19:58,Medium
INC00499,fire,Thika,-1.033439,37.082158,2025-04-24,19:28,Medium
INC00500,assault,Thika,-1.043042,37.087966,2025-02-19,15:12,Medium
INC00501,suspicious_activity,Kawangware,-1.279479,36.751107,2025-04-21,13:17,Low
INC00502,suspicious_activity,Kibera,-1.321341,36.783864,2025-03-24,01:12,Low
INC00503,fire,Kawangware,-1.291905,36.749692,2025-04-25,14:14,High
INC00504,theft,Kayole,-1.271924,36.92765,2025-03-16,18:49,Medium
INC00505,suspicious_activity,CBD,-1.291265,36.815838,2025-03-14,00:50,Low
INC00506,fire,Kibera,-1.322351,36.782622,2025-04-14,20:25,Medium
INC00507,theft,Kibera,-1.316918,36.77931,2025-04-11,02:46,Low
INC00508,fire,Donholm,-1.30503,36.885045,2025-03-16,01:02,Low
INC00509,assault,Ngong,-1.363939,36.666042,2025-04-08,00:00,High
INC00510,flood,Kayole,-1.275989,36.927096,2025-02-18,23:39,Medium
INC00511,theft,Kawangware,-1.280221,36.752982,2025-04-05,13:28,High
INC00512,vandalism,Kawangware,-1.278522,36.743094,2025-02-12,12:50,Low
INC00513,medical_emergency,Kayole,-1.269413,36.918758,2025-04-23,05:55,Medium
INC00514,accident,Githurai,-1.206197,36.906641,2025-02-03,15:25,High
INC00515,vandalism,Kibera,-1.317706,36.789805,2025-04-13,02:36,Low
INC00516,robbery,Kawangware,-1.286485,36.751151,2025-04-21,03:08,Medium
INC00517,robbery,Karen,-1.328739,36.711062,2025-01-22,17:58,Low
INC00518,assault,Thika,-1.029771,37.087574,2025-03-01,10:30,High
INC00519,accident,Westlands,-1.277005,36.819985,2025-01-20,08:53,Low
INC00520,robbery,Kayole,-1.282003,36.924315,2025-02-20,16:02,Low
INC00521,suspicious_activity,Ngong,-1.367066,36.658727,2025-04-24,14:37,Medium
INC00522,medical_emergency,Westlands,-1.277376,36.801978,2025-02-16,02:49,Low
INC00523,robbery,Kibera,-1.306081,36.788208,2025-03-11,18:39,Medium
INC00524,suspicious_activity,Ruiru,-1.14081,36.963049,2025-03-30,14:34,Medium
INC00525,assault,Githurai,-1.200008,36.905301,2025-01-24,00:46,High
INC00526,robbery,Kawangware,-1.282813,36.755067,2025-01-10,06:13,Low
INC00527,accident,Thika,-1.04796,37.086092,2025-01-14,19:44,Low
INC00528,theft,Ngong,-1.365792,36.652038,2025-01-15,02:39,Low
INC00529,vandalism,Thika,-1.035772,37.080805,2025-01-13,08:45,Medium
INC00530,fire,Githurai,-1.215563,36.903936,2025-02-02,05:09,High
INC00531,theft,Kawangware,-1.281364,36.755752,2025-01-23,06:50,Low
INC00532,vandalism,Githurai,-1.20809,36.908859,2025-02-25,09:08,Low
INC00533,theft,Ngong,-1.35916,36.647928,2025-03-28,20:49,Medium
INC00534,suspicious_activity,Kibera,-1.308278,36.777336,2025-04-12,15:22,Medium
INC00535,accident,Ngong,-1.370671,36.654196,2025-02-18,08:58,Low
INC00536,suspicious_activity,Langata,-1.351028,36.769334,2025-01-14,05:14,High
INC00537,vandalism,Kayole,-1.275972,36.931142,2025-03-08,06:49,Low
INC00538,suspicious_activity,Kayole,-1.279339,36.918721,2025-04-23,22:02,Medium
INC00539,suspicious_activity,Eastleigh,-1.266758,36.852046,2025-01-14,13:31,Low
INC00540,suspicious_activity,Ruiru,-1.138844,36.960397,2025-03-05,00:58,Medium
INC00541,accident,Donholm,-1.300531,36.881609,2025-03-23,13:36,Medium
INC00542,assault,Embakasi,-1.323364,36.898237,2025-02-04,20:03,Medium
INC00543,medical_emergency,CBD,-1.288249,36.807591,2025-01-08,01:46,High
INC00544,suspicious_activity,Kayole,-1.270948,36.9241,2025-01-27,06:56,Low
INC00545,robbery,Kawangware,-1.283898,36.754624,2025-01-31,07:52,Medium
INC00546,medical_emergency,Kasarani,-1.229282,36.908368,2025-02-25,19:35,Medium
INC00547,suspicious_activity,Embakasi,-1.321742,36.902932,2025-03-25,06:27,Low
INC00548,accident,Donholm,-1.288487,36.893443,2025-04-01,07:28,Medium
INC00549,suspicious_activity,Kasarani,-1.236991,36.903075,2025-01-23,02:41,Low
INC00550,flood,Karen,-1.311119,36.707606,2025-02-14,12:10,High
INC00551,fire,Langata,-1.352518,36.756663,2025-01-29,14:57,High
INC00552,burglary,Kawangware,-1.274335,36.754776,2025-01-12,01:58,Medium
INC00553,theft,Kayole,-1.262234,36.92059,2025-04-30,02:50,High
INC00554,vandalism,Kibera,-1.32111,36.776193,2025-01-31,17:16,Low
INC00555,flood,Westlands,-1.276508,36.819717,2025-03-18,12:29,High
INC00556,robbery,Ruiru,-1.149257,36.955326,2025-02-13,14:05,Low
INC00557,robbery,Umoja,-1.280335,36.886618,2025-02-18,07:18,Low
INC00558,suspicious_activity,Embakasi,-1.318705,36.892474,2025-01-02,11:15,Low
INC00559,suspicious_activity,Thika,-1.038952,37.09631,2025-02-05,08:27,Low
INC00560,theft,CBD,-1.286746,36.812524,2025-04-16,08:52,Low
INC00561,theft,Karen,-1.311151,36.698275,2025-02-27,05:57,Low
INC00562,vandalism,Langata,-1.343107,36.754149,2025-02-18,12:47,High
INC00563,fire,Kayole,-1.272605,36.921572,2025-02-28,06:47,Low
INC00564,accident,Ruiru,-1.155938,36.954043,2025-02-28,01:13,Medium
INC00565,medical_emergency,Kawangware,-1.276317,36.75104,2025-01-15,07:43,Low
INC00566,burglary,Langata,-1.340527,36.769971,2025-02-15,00:12,Low
INC00567,medical_emergency,Karen,-1.323916,36.714266,2025-04-11,18:34,Low
INC00568,theft,Eastleigh,-1.280396,36.84555,2025-02-05,21:46,Low
INC00569,fire,CBD,-1.29145,36.819448,2025-04-04,12:14,Low
INC00570,flood,Ruiru,-1.13871,36.961915,2025-04-29,17:57,Low
INC00571,fire,Kawangware,-1.274536,36.749292,2025-03-26,01:07,Low
INC00572,suspicious_activity,Donholm,-1.306217,36.880626,2025-02-04,11:51,Medium
INC00573,vandalism,Westlands,-1.264773,36.814571,2025-03-10,20:05,High
INC00574,suspicious_activity,Embakasi,-1.317777,36.887515,2025-04-23,08:06,High
INC00575,medical_emergency,CBD,-1.28377,36.816367,2025-02-09,10:06,Low
INC00576,theft,Karen,-1.326538,36.707799,2025-04-26,13:00,High
INC00577,suspicious_activity,Donholm,-1.292805,36.886,2025-02-26,22:26,Medium
INC00578,fire,Kawangware,-1.27854,36.745206,2025-01-20,21:37,Medium
INC00579,vandalism,Kasarani,-1.235232,36.905293,2025-04-29,17:30,Low
INC00580,fire,Eastleigh,-1.279894,36.848098,2025-04-13,07:36,Medium
INC00581,accident,CBD,-1.277429,36.826962,2025-03-24,23:31,Low
INC00582,medical_emergency,Githurai,-1.200129,36.90992,2025-01-22,04:48,Medium
INC00583,assault,Westlands,-1.269573,36.818917,2025-03-31,19:10,Medium
INC00584,fire,Umoja,-1.276005,36.893334,2025-04-09,03:38,Low
INC00585,robbery,Eastleigh,-1.283627,36.856081,2025-01-06,05:32,Low
INC00586,vandalism,Kawangware,-1.285,36.745045,2025-02-19,08:33,High
INC00587,theft,Eastleigh,-1.272224,36.85411,2025-02-02,04:00,High
INC00588,suspicious_activity,Karen,-1.31907,36.71362,2025-04-13,01:54,Medium
INC00589,robbery,Kibera,-1.308184,36.779369,2025-04-12,19:44,High
INC00590,robbery,Thika,-1.042111,37.086339,2025-04-13,01:16,Low
INC00591,accident,Kawangware,-1.288288,36.752957,2025-04-16,20:59,Medium
INC00592,flood,Ruiru,-1.138356,36.963749,2025-02-28,16:50,Low
INC00593,flood,Ruiru,-1.154328,36.965949,2025-01-04,21:11,Low
INC00594,fire,Donholm,-1.301824,36.879294,2025-02-16,12:09,Low
INC00595,suspicious_activity,Umoja,-1.283626,36.894531,2025-01-22,10:18,Low
INC00596,accident,Ruiru,-1.138553,36.962372,2025-04-07,07:24,Medium
INC00597,fire,Donholm,-1.301328,36.878177,2025-04-08,06:12,Medium
INC00598,burglary,Westlands,-1.259759,36.806726,2025-04-30,18:58,Medium
INC00599,assault,Embakasi,-1.313897,36.887178,2025-01-07,15:07,Medium
INC00600,robbery,Ngong,-1.36083,36.651085,2025-03-17,08:22,Medium
INC00601,robbery,Githurai,-1.208279,36.89915,2025-01-11,19:35,Medium
INC00602,medical_emergency,Kayole,-1.27306,36.921374,2025-03-25,12:04,High
INC00603,assault,Umoja,-1.279103,36.897884,2025-02-01,02:34,Medium
INC00604,fire,Embakasi,-1.320566,36.88938,2025-03-18,06:06,Medium
INC00605,burglary,Ngong,-1.365315,36.65833,2025-01-09,01:25,Medium
INC00606,flood,Kawangware,-1.291733,36.746358,2025-04-02,22:30,Low
INC00607,burglary,Langata,-1.34339,36.766631,2025-02-19,10:17,High
INC00608,burglary,Langata,-1.344683,36.76461,2025-04-20,22:41,High
INC00609,medical_emergency,Eastleigh,-1.27243,36.857127,2025-01-19,11:57,Low
INC00610,suspicious_activity,Westlands,-1.267166,36.802473,2025-03-19,14:16,Medium
INC00611,accident,Kawangware,-1.278754,36.756832,2025-03-17,05:35,Low
INC00612,suspicious_activity,Karen,-1.318411,36.709452,2025-05-01,13:31,Medium
INC00613,suspicious_activity,Langata,-1.344224,36.760674,2025-02-03,16:37,Medium
INC00614,assault,Kayole,-1.269091,36.924871,2025-01-30,21:31,Low
INC00615,fire,Umoja,-1.278112,36.886559,2025-03-11,18:26,Medium
INC00616,fire,Thika,-1.031655,37.091321,2025-02-20,09:19,Low
INC00617,burglary,Kasarani,-1.221095,36.89137,2025-03-23,05:53,Low
INC00618,medical_emergency,CBD,-1.279991,36.814305,2025-01-01,03:48,Low
INC00619,suspicious_activity,Kawangware,-1.292667,36.758216,2025-04-01,22:22,Medium
INC00620,fire,Kasarani,-1.218575,36.89345,2025-02-06,20:20,High
INC00621,flood,Kawangware,-1.275393,36.759667,2025-03-10,12:21,High
INC00622,flood,Umoja,-1.275738,36.885801,2025-03-26,02:46,Low
INC00623,suspicious_activity,Embakasi,-1.315203,36.90229,2025-04-13,09:53,Medium
INC00624,suspicious_activity,Kayole,-1.27071,36.923878,2025-02-24,11:03,Medium
INC00625,theft,Donholm,-1.302032,36.891288,2025-02-18,13:47,Low
INC00626,suspicious_activity,Thika,-1.038184,37.095363,2025-02-11,13:39,Low
INC00627,robbery,Karen,-1.313742,36.701621,2025-03-09,16:27,Medium
INC00628,burglary,Eastleigh,-1.271468,36.843927,2025-02-05,01:50,High
INC00629,flood,Umoja,-1.294523,36.890726,2025-03-07,13:40,Low
INC00630,burglary,Eastleigh,-1.276982,36.847957,2025-01-20,13:07,Low
INC00631,burglary,Kawangware,-1.282061,36.754702,2025-03-16,02:04,Low
INC00632,fire,Thika,-1.034503,37.09794,2025-04-23,22:52,Low
INC00633,burglary,Embakasi,-1.328634,36.892707,2025-02-04,12:00,Low
INC00634,fire,Eastleigh,-1.283052,36.856503,2025-02-04,13:13,Low
INC00635,assault,Donholm,-1.299459,36.879622,2025-01-07,10:33,Medium
INC00636,fire,Kibera,-1.31552,36.792552,2025-01-20,11:01,Medium
INC00637,theft,Kasarani,-1.225899,36.907743,2025-01-29,10:36,Low
INC00638,vandalism,Ngong,-1.356763,36.650807,2025-03-30,23:43,High
INC00639,flood,Embakasi,-1.31343,36.89456,2025-03-30,19:52,Medium
INC00640,suspicious_activity,Eastleigh,-1.282748,36.850897,2025-02-07,22:13,Low
INC00641,assault,Ruiru,-1.136768,36.950347,2025-04-28,02:35,High
INC00642,fire,Eastleigh,-1.269211,36.860029,2025-04-24,11:02,Medium
INC00643,accident,Kasarani,-1.219805,36.904297,2025-02-24,06:12,Low
INC00644,vandalism,Karen,-1.313596,36.71299,2025-04-20,14:36,Medium
INC00645,flood,CBD,-1.28798,36.815302,2025-02-10,07:16,Low
INC00646,theft,Kawangware,-1.290374,36.756552,2025-03-26,18:43,Low
INC00647,accident,Donholm,-1.305666,36.886628,2025-03-04,17:49,Low
INC00648,medical_emergency,Westlands,-1.275344,36.811956,2025-02-22,03:35,Low
INC00649,vandalism,Westlands,-1.260041,36.809997,2025-03-20,20:25,Medium
INC00650,assault,Githurai,-1.20837,36.907246,2025-01-10,05:59,High
INC00651,vandalism,Eastleigh,-1.27857,36.85801,2025-01-06,12:52,Low
INC00652,medical_emergency,Donholm,-1.30186,36.879427,2025-03-08,10:39,Medium
INC00653,medical_emergency,Donholm,-1.303733,36.89755,2025-02-03,15:47,Low
INC00654,vandalism,Thika,-1.045259,37.095516,2025-02-18,14:35,Medium
INC00655,flood,Langata,-1.341446,36.767241,2025-02-05,09:36,High
INC00656,robbery,Kayole,-1.263441,36.92363,2025-03-15,09:48,High
INC00657,assault,Ngong,-1.367745,36.660587,2025-01-28,11:41,Low
INC00658,robbery,Karen,-1.314623,36.703036,2025-02-21,16:57,Low
INC00659,robbery,Kayole,-1.267643,36.921014,2025-01-30,22:13,Medium
INC00660,theft,Ngong,-1.353584,36.666078,2025-01-01,17:08,Medium
INC00661,flood,Donholm,-1.294401,36.888504,2025-04-21,11:51,Low
INC00662,flood,Eastleigh,-1.273068,36.85884,2025-04-25,00:51,Medium
INC00663,flood,Kasarani,-1.235957,36.909368,2025-02-11,20:43,Low
INC00664,assault,Langata,-1.339973,36.771055,2025-01-16,18:15,Low
INC00665,suspicious_activity,Githurai,-1.200747,36.901273,2025-01-16,15:17,Medium
INC00666,assault,CBD,-1.288798,36.825039,2025-01-19,01:18,High
INC00667,vandalism,Githurai,-1.213196,36.911422,2025-03-16,14:03,Medium
INC00668,suspicious_activity,Kibera,-1.306215,36.788431,2025-01-28,00:20,Low
INC00669,accident,Kibera,-1.319589,36.781277,2025-01-03,00:24,Low
INC00670,vandalism,Kawangware,-1.291806,36.751075,2025-01-17,20:02,Low
INC00671,accident,Langata,-1.340021,36.761741,2025-04-22,19:50,High
INC00672,accident,Thika,-1.032438,37.093977,2025-04-06,11:44,Medium
INC00673,theft,Eastleigh,-1.27087,36.858826,2025-03-20,15:27,Low
INC00674,vandalism,Kasarani,-1.224963,36.901069,2025-01-21,20:20,High
INC00675,burglary,Eastleigh,-1.267786,36.860309,2025-03-05,13:21,Low
INC00676,suspicious_activity,CBD,-1.290306,36.814179,2025-01-10,18:06,High
INC00677,vandalism,Karen,-1.320801,36.70204,2025-03-25,10:10,Low
INC00678,medical_emergency,Kasarani,-1.221214,36.897491,2025-03-10,21:07,Low
INC00679,suspicious_activity,Langata,-1.349002,36.757871,2025-01-22,02:50,Low
INC00680,fire,Kayole,-1.266182,36.933058,2025-01-14,02:37,Low
INC00681,robbery,Thika,-1.044651,37.085576,2025-02-28,00:16,Medium
INC00682,medical_emergency,Kasarani,-1.218009,36.906393,2025-02-02,16:57,Medium
INC00683,theft,Kawangware,-1.279048,36.740022,2025-03-07,05:39,Medium
INC00684,fire,Kasarani,-1.223906,36.906474,2025-04-11,02:48,Low
INC00685,vandalism,Ngong,-1.355233,36.66368,2025-02-01,04:47,Low
INC00686,theft,Umoja,-1.287761,36.892101,2025-04-06,12:11,High
INC00687,theft,Embakasi,-1.312405,36.9029,2025-02-13,14:34,High
INC00688,flood,Githurai,-1.213598,36.914964,2025-03-19,20:43,Medium
INC00689,suspicious_activity,Kibera,-1.31319,36.775868,2025-03-28,11:37,Low
INC00690,theft,Kayole,-1.262414,36.913867,2025-01-15,16:04,High
INC00691,vandalism,Ruiru,-1.141076,36.955693,2025-02-11,01:57,Medium
INC00692,fire,Donholm,-1.299327,36.879863,2025-01-09,12:18,Low
INC00693,flood,Langata,-1.338849,36.759807,2025-03-10,05:32,Medium
INC00694,burglary,Langata,-1.339787,36.766829,2025-02-12,14:14,Medium
INC00695,vandalism,Eastleigh,-1.270912,36.856139,2025-04-16,04:24,Medium
INC00696,accident,Karen,-1.326387,36.713989,2025-03-11,17:02,Low
INC00697,fire,Donholm,-1.297452,36.884178,2025-03-02,17:21,Low
INC00698,flood,Kasarani,-1.225888,36.890028,2025-04-24,05:46,Medium
INC00699,vandalism,Umoja,-1.280711,36.895095,2025-02-03,03:59,Low
INC00700,flood,Umoja,-1.274871,36.905385,2025-02-22,12:21,High
INC00701,suspicious_activity,Umoja,-1.278372,36.890666,2025-03-10,20:37,Medium
INC00702,robbery,Kasarani,-1.233068,36.901979,2025-01-28,21:14,Low
INC00703,fire,Kayole,-1.263065,36.921446,2025-04-08,07:02,Medium
INC00704,assault,Kasarani,-1.225507,36.903534,2025-04-12,12:08,High
INC00705,vandalism,Donholm,-1.30575,36.883238,2025-04-16,14:42,Low
INC00706,medical_emergency,Langata,-1.336528,36.7556,2025-01-13,10:34,Low
INC00707,fire,Thika,-1.034813,37.089274,2025-01-22,13:45,Medium
INC00708,vandalism,Kayole,-1.271712,36.931326,2025-03-19,07:49,Low
INC00709,vandalism,Kibera,-1.30576,36.788092,2025-01-02,06:16,Low
INC00710,accident,Eastleigh,-1.269948,36.849986,2025-02-16,19:56,Medium
INC00711,medical_emergency,Githurai,-1.213046,36.908524,2025-03-13,09:45,High
INC00712,suspicious_activity,Westlands,-1.267273,36.810498,2025-02-27,14:13,Low
INC00713,robbery,Githurai,-1.209012,36.915148,2025-04-20,07:47,Low
INC00714,suspicious_activity,Westlands,-1.258422,36.816546,2025-01-29,09:40,Medium
INC00715,flood,Ruiru,-1.154806,36.959691,2025-02-05,16:07,Low
INC00716,flood,CBD,-1.287319,36.81884,2025-03-14,21:35,High
INC00717,burglary,Donholm,-1.299455,36.887797,2025-04-19,01:38,High
INC00718,burglary,Karen,-1.317414,36.712211,2025-02-19,05:05,Medium
INC00719,theft,Kasarani,-1.227351,36.897122,2025-02-06,02:21,Low
INC00720,vandalism,Ruiru,-1.145099,36.950754,2025-03-16,20:32,High
INC00721,suspicious_activity,Langata,-1.344458,36.764214,2025-02-06,11:36,Low
INC00722,robbery,Eastleigh,-1.279366,36.850947,2025-04-08,23:53,Medium
INC00723,assault,Ngong,-1.364665,36.651654,2025-03-22,14:11,Low
INC00724,theft,Embakasi,-1.310877,36.887584,2025-04-22,14:39,High
INC00725,medical_emergency,Umoja,-1.276285,36.905456,2025-04-06,00:36,Medium
INC00726,vandalism,Ngong,-1.360276,36.663978,2025-04-13,01:20,Medium
INC00727,accident,Langata,-1.336547,36.762162,2025-04-06,20:04,Medium
INC00728,assault,Westlands,-1.270453,36.811124,2025-03-19,13:45,Low
INC00729,assault,Kasarani,-1.23633,36.895745,2025-03-09,04:46,High
INC00730,burglary,Thika,-1.033701,37.083878,2025-02-24,02:48,Low
INC00731,assault,Eastleigh,-1.279902,36.850257,2025-04-09,01:00,Low
INC00732,flood,Githurai,-1.204673,36.899795,2025-03-19,19:29,High
INC00733,robbery,Ruiru,-1.141014,36.961136,2025-04-03,22:25,Medium
INC00734,vandalism,CBD,-1.283302,36.807387,2025-02-14,22:49,Low
INC00735,medical_emergency,Westlands,-1.2618,36.8021,2025-03-27,17:47,Low
INC00736,accident,Kibera,-1.315133,36.775731,2025-01-13,21:15,Low
INC00737,accident,Kayole,-1.268413,36.923407,2025-03-10,22:46,Low
INC00738,fire,Umoja,-1.286123,36.8881,2025-04-10,04:17,Low
INC00739,robbery,Ruiru,-1.143678,36.954764,2025-04-06,15:23,High
INC00740,flood,Kayole,-1.26488,36.93121,2025-04-06,15:23,Medium
INC00741,accident,Donholm,-1.288255,36.884642,2025-01-07,19:02,Medium
INC00742,burglary,Githurai,-1.215517,36.901948,2025-03-12,04:27,High
INC00743,suspicious_activity,Ngong,-1.35454,36.657303,2025-02-15,12:29,Low
INC00744,fire,Kasarani,-1.230007,36.905953,2025-03-12,00:51,Medium
INC00745,suspicious_activity,Umoja,-1.291383,36.901122,2025-01-23,15:14,High
INC00746,medical_emergency,Kawangware,-1.27879,36.753896,2025-03-15,09:38,Low
INC00747,theft,Ngong,-1.369455,36.648362,2025-01-22,13:24,Medium
INC00748,burglary,Westlands,-1.26949,36.802491,2025-04-30,22:10,Medium
INC00749,assault,Eastleigh,-1.273189,36.860422,2025-01-25,12:27,Low
INC00750,robbery,Eastleigh,-1.274612,36.860672,2025-05-01,09:49,High
INC00751,assault,Donholm,-1.29324,36.880846,2025-01-14,09:14,Medium
INC00752,assault,Donholm,-1.295244,36.885019,2025-02-07,23:28,Medium
INC00753,assault,Kawangware,-1.285886,36.743439,2025-03-01,05:49,Medium
INC00754,assault,Embakasi,-1.324989,36.893421,2025-04-27,17:02,High
INC00755,suspicious_activity,Githurai,-1.215267,36.898705,2025-02-01,02:19,Low
INC00756,vandalism,Kawangware,-1.276547,36.752112,2025-01-04,10:04,High
INC00757,suspicious_activity,Karen,-1.31552,36.700005,2025-03-27,15:18,Low
INC00758,fire,Githurai,-1.201742,36.896925,2025-03-05,20:59,High
INC00759,medical_emergency,Umoja,-1.289136,36.897234,2025-03-08,16:32,Low
INC00760,robbery,Kawangware,-1.27817,36.744576,2025-03-10,21:06,Medium
INC00761,fire,Ruiru,-1.140434,36.959668,2025-01-09,04:08,Medium
INC00762,burglary,Donholm,-1.297348,36.895051,2025-02-05,09:51,Medium
INC00763,robbery,Kawangware,-1.275636,36.751762,2025-04-01,04:10,Medium
INC00764,suspicious_activity,CBD,-1.288546,36.817676,2025-04-25,18:29,Low
INC00765,vandalism,Westlands,-1.25797,36.818837,2025-01-15,16:39,Medium
INC00766,assault,Langata,-1.339611,36.769386,2025-02-06,20:08,High
INC00767,theft,Eastleigh,-1.278681,36.842918,2025-03-14,19:44,Medium
INC00768,burglary,Kasarani,-1.224082,36.904705,2025-04-10,23:33,Medium
INC00769,medical_emergency,Westlands,-1.263404,36.80141,2025-02-10,01:55,Low
INC00770,flood,CBD,-1.29034,36.819783,2025-01-18,10:30,Low
INC00771,vandalism,Thika,-1.04841,37.089952,2025-04-01,04:48,Low
INC00772,suspicious_activity,Kasarani,-1.229044,36.907349,2025-02-17,19:37,Low
INC00773,fire,Embakasi,-1.312363,36.896734,2025-03-14,21:51,Low
INC00774,vandalism,Eastleigh,-1.267781,36.850725,2025-03-02,19:05,Medium
INC00775,medical_emergency,Kasarani,-1.22806,36.898677,2025-03-06,14:29,Medium
INC00776,vandalism,Ruiru,-1.147779,36.953934,2025-03-27,01:33,Medium
INC00777,burglary,Donholm,-1.304516,36.893232,2025-02-26,19:35,Low
INC00778,suspicious_activity,Eastleigh,-1.277521,36.84754,2025-04-17,03:14,High
INC00779,theft,Kayole,-1.275709,36.919646,2025-04-18,16:08,High
INC00780,burglary,Ngong,-1.363089,36.661305,2025-02-21,07:13,Medium
INC00781,accident,Ruiru,-1.15317,36.953267,2025-04-30,21:20,Medium
INC00782,theft,Donholm,-1.29048,36.892621,2025-03-05,22:25,Medium
INC00783,flood,Westlands,-1.257851,36.816744,2025-03-17,07:22,High
INC00784,accident,Langata,-1.350409,36.756626,2025-03-15,04:06,Medium
INC00785,accident,Kasarani,-1.229364,36.894125,2025-03-29,19:30,Medium
INC00786,assault,Karen,-1.316656,36.708404,2025-04-09,04:00,Low
INC00787,accident,Kawangware,-1.277708,36.747844,2025-02-06,05:48,Medium
INC00788,vandalism,Thika,-1.037875,37.098762,2025-03-08,20:35,Medium
INC00789,suspicious_activity,Kawangware,-1.288811,36.745261,2025-01-29,20:58,Low
INC00790,theft,Ngong,-1.356848,36.660212,2025-01-03,03:39,High
INC00791,burglary,Ngong,-1.369323,36.650882,2025-02-22,18:13,Low
INC00792,theft,Kawangware,-1.277089,36.749496,2025-02-14,22:19,Low
INC00793,theft,Kibera,-1.305525,36.790593,2025-02-24,18:14,High
INC00794,robbery,CBD,-1.282504,36.81066,2025-04-16,04:17,Medium
INC00795,fire,Donholm,-1.295141,36.894131,2025-03-30,02:03,Low
INC00796,vandalism,Westlands,-1.270048,36.806908,2025-01-09,11:01,Medium
INC00797,fire,Umoja,-1.284893,36.887845,2025-04-07,14:31,High
INC00798,vandalism,Kasarani,-1.232444,36.909173,2025-01-04,07:34,Low
INC00799,robbery,Eastleigh,-1.283107,36.853047,2025-04-09,08:22,Low
INC00800,suspicious_activity,Umoja,-1.294315,36.886007,2025-03-27,11:38,Medium
INC00801,robbery,Karen,-1.325769,36.70603,2025-04-08,21:20,High
INC00802,robbery,Kayole,-1.272452,36.918496,2025-04-10,17:04,Medium
INC00803,burglary,Githurai,-1.198583,36.908128,2025-03-15,16:52,Low
INC00804,robbery,Langata,-1.349055,36.770276,2025-01-25,06:49,High
INC00805,theft,Githurai,-1.216666,36.90208,2025-01-09,01:19,Low
INC00806,accident,Kawangware,-1.284753,36.749667,2025-04-04,18:52,Low
INC00807,suspicious_activity,Donholm,-1.290125,36.880701,2025-04-27,06:48,Low
INC00808,medical_emergency,Langata,-1.333554,36.765766,2025-01-12,08:08,Medium
INC00809,vandalism,CBD,-1.283907,36.809025,2025-04-30,12:23,Low
INC00810,suspicious_activity,Kawangware,-1.273388,36.747651,2025-01-17,11:42,Low
INC00811,theft,Kibera,-1.308447,36.788964,2025-01-04,12:27,High
INC00812,accident,Kayole,-1.280064,36.918586,2025-02-01,03:39,Low
INC00813,assault,Westlands,-1.276046,36.806955,2025-03-26,21:04,Low
INC00814,flood,Kayole,-1.271027,36.921634,2025-03-18,23:47,Low
INC00815,flood,Kibera,-1.313967,36.776303,2025-03-12,20:10,Low
INC00816,assault,Langata,-1.343493,36.757517,2025-02-01,13:30,Low
INC00817,medical_emergency,Ngong,-1.367965,36.664822,2025-04-06,15:24,Low
INC00818,fire,Githurai,-1.209966,36.908329,2025-04-13,13:41,Medium
INC00819,assault,CBD,-1.289647,36.815904,2025-02-04,12:20,Low
INC00820,theft,Ruiru,-1.155495,36.955574,2025-03-20,17:52,Medium
INC00821,medical_emergency,Donholm,-1.289533,36.885109,2025-03-16,14:46,Low
INC00822,flood,Donholm,-1.298403,36.882801,2025-03-29,05:03,High
INC00823,fire,Karen,-1.313157,36.70438,2025-03-31,17:04,Low
INC00824,accident,Umoja,-1.288685,36.892396,2025-02-25,19:36,Low
INC00825,medical_emergency,Kayole,-1.268653,36.929496,2025-03-15,11:22,Low
INC00826,medical_emergency,Githurai,-1.213452,36.902054,2025-03-30,10:04,Medium
INC00827,medical_emergency,Ruiru,-1.13925,36.97,2025-02-08,20:38,Low
INC00828,fire,Westlands,-1.26888,36.813021,2025-02-23,03:12,High
INC00829,suspicious_activity,Westlands,-1.26861,36.809547,2025-02-24,21:28,Medium
INC00830,flood,Karen,-1.322083,36.703735,2025-04-15,04:50,High
INC00831,theft,Langata,-1.343236,36.766833,2025-02-19,23:31,High
INC00832,theft,Embakasi,-1.319753,36.888115,2025-02-15,15:00,Low
INC00833,flood,Embakasi,-1.328403,36.892692,2025-03-07,04:19,Medium
INC00834,burglary,Githurai,-1.209433,36.904729,2025-03-12,13:46,Medium
INC00835,burglary,Kibera,-1.305594,36.779264,2025-01-15,07:26,Medium
INC00836,theft,Donholm,-1.299846,36.88039,2025-01-10,18:19,High
INC00837,flood,Umoja,-1.280698,36.897598,2025-03-31,07:04,Medium
INC00838,flood,Eastleigh,-1.267415,36.860461,2025-03-01,20:53,Low
INC00839,fire,Kasarani,-1.231347,36.899877,2025-03-15,17:19,High
INC00840,fire,Ruiru,-1.146823,36.968383,2025-04-12,00:47,Medium
INC00841,robbery,Embakasi,-1.322857,36.888343,2025-03-21,14:35,Medium
INC00842,flood,Thika,-1.049156,37.082846,2025-03-27,04:06,Medium
INC00843,flood,Ruiru,-1.13985,36.95527,2025-01-06,14:07,High
INC00844,flood,Langata,-1.352207,36.772057,2025-03-15,11:41,Medium
INC00845,theft,Umoja,-1.286772,36.904977,2025-01-23,08:26,Low
INC00846,vandalism,Ruiru,-1.143116,36.965565,2025-04-29,03:34,High
INC00847,theft,Kawangware,-1.280688,36.751645,2025-04-02,14:05,Medium
INC00848,accident,Kibera,-1.316608,36.793165,2025-02-13,08:08,Low
INC00849,medical_emergency,CBD,-1.287815,36.814742,2025-04-17,03:59,Low
INC00850,burglary,Kibera,-1.309296,36.783782,2025-02-08,09:52,Medium
INC00851,flood,Langata,-1.336078,36.759518,2025-04-26,10:14,Medium
INC00852,vandalism,Eastleigh,-1.271043,36.859616,2025-01-25,21:55,High
INC00853,theft,Eastleigh,-1.280483,36.853157,2025-01-20,08:11,Low
INC00854,robbery,Embakasi,-1.32561,36.901362,2025-02-10,01:29,High
INC00855,accident,Langata,-1.340404,36.768005,2025-01-06,15:44,Medium
INC00856,fire,Kayole,-1.262848,36.933338,2025-02-04,05:25,High
INC00857,assault,Kayole,-1.262346,36.927067,2025-01-17,00:03,High
INC00858,flood,Thika,-1.045733,37.081438,2025-02-08,09:46,Low
INC00859,accident,Embakasi,-1.328954,36.895973,2025-02-05,20:45,Medium
INC00860,theft,Donholm,-1.291772,36.885876,2025-01-17,22:22,Low
INC00861,accident,Donholm,-1.287466,36.894342,2025-01-02,09:32,High
INC00862,robbery,Umoja,-1.288277,36.898805,2025-03-20,08:07,High
INC00863,flood,Umoja,-1.288783,36.896812,2025-01-01,12:14,Medium
INC00864,robbery,Karen,-1.310933,36.697934,2025-03-16,10:53,High
INC00865,flood,Ruiru,-1.152844,36.964691,2025-04-15,05:11,High
INC00866,flood,Thika,-1.04927,37.081148,2025-01-17,22:44,Medium
INC00867,fire,Githurai,-1.206718,36.90963,2025-01-17,19:53,Medium
INC00868,suspicious_activity,Eastleigh,-1.2698,36.845749,2025-01-04,15:45,Medium
INC00869,suspicious_activity,Githurai,-1.207082,36.905452,2025-03-23,22:48,Medium
INC00870,theft,Ngong,-1.369448,36.657931,2025-02-02,04:29,Medium
INC00871,medical_emergency,Umoja,-1.283046,36.899,2025-03-20,14:18,High
INC00872,assault,Karen,-1.309298,36.710193,2025-04-01,18:00,High
INC00873,medical_emergency,Westlands,-1.271434,36.81354,2025-01-27,16:02,Low
INC00874,fire,Langata,-1.351475,36.758827,2025-03-11,09:13,Low
INC00875,medical_emergency,Ruiru,-1.150349,36.965329,2025-03-21,06:13,High
INC00876,fire,Kibera,-1.312787,36.78705,2025-04-13,20:43,Medium
INC00877,accident,Langata,-1.350981,36.757739,2025-01-06,15:14,Low
INC00878,fire,Embakasi,-1.325024,36.889202,2025-02-05,23:52,Medium
INC00879,medical_emergency,Thika,-1.033153,37.084815,2025-02-26,02:17,High
INC00880,assault,Githurai,-1.21486,36.914975,2025-01-25,09:31,Medium
INC00881,assault,Githurai,-1.198656,36.898992,2025-01-10,03:48,Low
INC00882,assault,Ruiru,-1.138638,36.961105,2025-02-15,10:10,High
INC00883,vandalism,Kibera,-1.30471,36.774787,2025-01-26,21:49,Low
INC00884,robbery,Kasarani,-1.234435,36.898023,2025-02-11,10:41,Low
INC00885,suspicious_activity,Kayole,-1.280907,36.92408,2025-02-07,10:42,Low
INC00886,vandalism,Ruiru,-1.149328,36.964279,2025-01-11,14:26,Medium
INC00887,vandalism,Kayole,-1.272716,36.921935,2025-02-06,19:06,Low
INC00888,burglary,CBD,-1.287765,36.810123,2025-04-15,16:10,High
INC00889,medical_emergency,Umoja,-1.277522,36.895195,2025-01-19,12:11,High
INC00890,burglary,Langata,-1.349586,36.760653,2025-02-22,06:04,High
INC00891,robbery,Githurai,-1.209854,36.911509,2025-01-31,00:39,High
INC00892,suspicious_activity,Westlands,-1.26075,36.810336,2025-03-08,22:28,Medium
INC00893,burglary,Eastleigh,-1.271621,36.84885,2025-01-10,18:16,Medium
INC00894,burglary,Eastleigh,-1.282892,36.855707,2025-01-17,01:52,Medium
INC00895,assault,Ruiru,-1.143754,36.959345,2025-01-27,08:40,Low
INC00896,theft,Eastleigh,-1.274311,36.8535,2025-02-02,17:47,Medium
INC00897,theft,Langata,-1.334371,36.763497,2025-03-09,22:46,High
INC00898,theft,Ngong,-1.361207,36.662358,2025-01-29,23:27,Low
INC00899,flood,Karen,-1.326829,36.707613,2025-03-27,04:54,Medium
INC00900,burglary,Kawangware,-1.280606,36.748215,2025-02-16,09:56,High
INC00901,accident,Ruiru,-1.152859,36.960424,2025-04-23,19:59,High
INC00902,vandalism,Embakasi,-1.318688,36.903799,2025-04-13,20:48,Medium
INC00903,robbery,Kibera,-1.31027,36.793174,2025-04-22,02:58,Medium
INC00904,fire,Kasarani,-1.226482,36.901,2025-03-14,08:36,Medium
INC00905,theft,Umoja,-1.284664,36.896355,2025-03-11,00:22,Medium
INC00906,fire,Embakasi,-1.317809,36.891384,2025-01-16,12:29,Medium
INC00907,suspicious_activity,Umoja,-1.28671,36.899982,2025-01-08,23:23,High
INC00908,theft,Umoja,-1.276551,36.890253,2025-01-28,09:31,High
INC00909,suspicious_activity,Githurai,-1.21043,36.913633,2025-04-04,13:18,Medium
INC00910,medical_emergency,Thika,-1.039069,37.094088,2025-02-11,14:19,Low
INC00911,accident,Umoja,-1.288325,36.894954,2025-01-20,22:37,High
INC00912,theft,Westlands,-1.268214,36.801123,2025-03-17,19:42,Medium
INC00913,burglary,Kibera,-1.32053,36.78164,2025-02-07,09:57,Medium
INC00914,suspicious_activity,Ruiru,-1.147568,36.952173,2025-02-21,12:57,Medium
INC00915,flood,Kawangware,-1.278773,36.740461,2025-01-06,05:28,Medium
INC00916,medical_emergency,Kibera,-1.303466,36.791647,2025-04-05,04:10,Medium
INC00917,robbery,Embakasi,-1.321373,36.886769,2025-03-29,20:52,Low
INC00918,assault,Ngong,-1.367811,36.661145,2025-01-14,18:50,Medium
INC00919,accident,Kayole,-1.268691,36.914683,2025-01-20,19:42,Low
INC00920,flood,Donholm,-1.287519,36.894141,2025-01-28,16:48,Low
INC00921,burglary,Langata,-1.350377,36.767882,2025-02-13,21:41,High
INC00922,fire,Langata,-1.334425,36.763753,2025-04-02,17:14,Medium
INC00923,robbery,Kibera,-1.314162,36.790564,2025-04-29,10:22,Low
INC00924,theft,Ruiru,-1.138106,36.961514,2025-03-26,20:53,Medium
INC00925,assault,Thika,-1.035201,37.096255,2025-02-13,14:06,Medium
INC00926,flood,Eastleigh,-1.27715,36.855713,2025-01-05,20:42,Low
INC00927,robbery,Ngong,-1.368312,36.648326,2025-04-20,04:11,High
INC00928,assault,Umoja,-1.289981,36.889863,2025-03-18,07:47,Medium
INC00929,assault,Donholm,-1.305452,36.894339,2025-03-12,14:27,High
INC00930,flood,Karen,-1.309616,36.708649,2025-03-10,09:08,Low
INC00931,accident,Westlands,-1.262555,36.820129,2025-04-10,00:28,Low
INC00932,burglary,Githurai,-1.200899,36.900322,2025-02-03,05:41,Medium
INC00933,assault,Kayole,-1.27829,36.922528,2025-03-09,05:17,Medium
INC00934,vandalism,Kibera,-1.321466,36.775101,2025-01-03,12:43,High
INC00935,burglary,Ruiru,-1.155678,36.964171,2025-01-16,03:34,Medium
INC00936,assault,Kasarani,-1.232624,36.891539,2025-02-10,12:43,Low
INC00937,medical_emergency,Kayole,-1.281722,36.929383,2025-01-08,13:11,Low
INC00938,robbery,Karen,-1.318542,36.70129,2025-02-23,06:46,Low
INC00939,burglary,Ruiru,-1.143123,36.96126,2025-02-02,08:42,High
INC00940,medical_emergency,Langata,-1.350121,36.759984,2025-01-23,06:48,Low
INC00941,robbery,Ngong,-1.363277,36.661369,2025-03-01,11:51,Medium
INC00942,vandalism,Eastleigh,-1.270908,36.851965,2025-01-11,03:41,Medium
INC00943,flood,Kasarani,-1.218602,36.895859,2025-04-23,08:14,High
INC00944,suspicious_activity,Kawangware,-1.274173,36.747317,2025-01-30,09:09,Medium
INC00945,medical_emergency,CBD,-1.283126,36.817298,2025-01-22,00:38,Low
INC00946,theft,Westlands,-1.26922,36.807784,2025-04-24,12:48,Medium
INC00947,flood,Ngong,-1.367256,36.650271,2025-02-13,23:53,Medium
INC00948,theft,Umoja,-1.274904,36.904778,2025-03-10,18:01,Low
INC00949,robbery,Thika,-1.032353,37.099877,2025-04-13,14:23,Low
INC00950,suspicious_activity,Githurai,-1.211655,36.896567,2025-01-22,21:02,Medium
INC00951,robbery,Donholm,-1.302481,36.893719,2025-04-20,22:34,Low
INC00952,suspicious_activity,Ruiru,-1.150698,36.967915,2025-04-29,12:32,Low
INC00953,suspicious_activity,Karen,-1.326133,36.698896,2025-04-26,15:48,Low
INC00954,fire,Kasarani,-1.227935,36.905186,2025-02-03,06:23,Medium
INC00955,medical_emergency,Eastleigh,-1.271715,36.857772,2025-02-27,19:50,Medium
INC00956,robbery,Embakasi,-1.326799,36.894579,2025-04-28,15:50,Low
INC00957,assault,Kibera,-1.31321,36.790749,2025-04-04,02:17,Medium
INC00958,vandalism,Kayole,-1.278704,36.919547,2025-02-17,07:11,Medium
INC00959,assault,Eastleigh,-1.277157,36.858231,2025-04-08,01:08,Low
INC00960,suspicious_activity,Langata,-1.342727,36.755334,2025-01-16,04:23,Low
INC00961,suspicious_activity,Karen,-1.318362,36.711082,2025-01-09,06:51,Low
INC00962,vandalism,Embakasi,-1.328995,36.885429,2025-03-05,07:11,Low
INC00963,theft,Eastleigh,-1.268978,36.846291,2025-04-28,02:51,High
INC00964,burglary,Umoja,-1.283213,36.897079,2025-03-09,20:05,Low
INC00965,vandalism,Kasarani,-1.230328,36.900133,2025-03-19,23:27,Medium
INC00966,robbery,Donholm,-1.30537,36.895419,2025-03-04,07:16,Low
INC00967,flood,Ngong,-1.360225,36.658743,2025-04-11,00:40,High
INC00968,suspicious_activity,Ngong,-1.352321,36.65996,2025-01-01,00:38,Low
INC00969,accident,Donholm,-1.306471,36.895539,2025-02-23,16:52,Medium
INC00970,theft,Westlands,-1.262667,36.807063,2025-04-22,09:22,Low
INC00971,vandalism,Donholm,-1.290772,36.897954,2025-03-31,01:13,Low
INC00972,vandalism,Langata,-1.33624,36.766468,2025-01-09,12:21,Medium
INC00973,fire,Westlands,-1.273997,36.818043,2025-01-26,20:57,High
INC00974,assault,Thika,-1.042706,37.088228,2025-03-26,01:40,Low
INC00975,theft,Thika,-1.031286,37.092284,2025-03-20,22:44,Medium
INC00976,flood,Donholm,-1.299857,36.895709,2025-01-04,05:56,Medium
INC00977,vandalism,Langata,-1.343807,36.761422,2025-03-12,07:33,Medium
INC00978,fire,Githurai,-1.214862,36.905577,2025-04-04,21:04,Low
INC00979,theft,Thika,-1.048909,37.097176,2025-02-17,17:50,High
INC00980,robbery,Eastleigh,-1.276046,36.844,2025-01-17,04:37,Low
INC00981,flood,Githurai,-1.212796,36.908519,2025-01-02,05:07,High
INC00982,fire,Donholm,-1.306775,36.88289,2025-01-30,01:40,High
INC00983,suspicious_activity,Eastleigh,-1.276038,36.852583,2025-03-05,21:30,Low
INC00984,theft,Langata,-1.350501,36.769448,2025-04-01,17:21,Medium
INC00985,suspicious_activity,Thika,-1.043714,37.085529,2025-01-15,09:31,Low
INC00986,burglary,Kawangware,-1.284917,36.745843,2025-01-23,20:52,Medium
INC00987,medical_emergency,Karen,-1.326035,36.70865,2025-03-05,13:07,Medium
INC00988,robbery,Westlands,-1.275258,36.809342,2025-03-05,09:50,Medium
INC00989,vandalism,Kayole,-1.270372,36.913899,2025-04-15,11:06,Low
INC00990,assault,Thika,-1.041342,37.092978,2025-02-06,00:50,Low
INC00991,flood,Donholm,-1.30684,36.894455,2025-03-07,21:58,Low
INC00992,medical_emergency,Langata,-1.334402,36.757781,2025-01-05,06:53,Medium
INC00993,medical_emergency,CBD,-1.294491,36.82471,2025-03-24,14:14,High
INC00994,medical_emergency,Langata,-1.351264,36.759199,2025-03-29,14:32,Medium
INC00995,theft,Kibera,-1.321807,36.77907,2025-01-02,00:26,Low
INC00996,suspicious_activity,Langata,-1.336601,36.762288,2025-01-21,14:46,Low
INC00997,suspicious_activity,Kibera,-1.307069,36.777664,2025-02-07,17:20,Medium
INC00998,flood,Kasarani,-1.218644,36.89789,2025-03-28,08:05,Medium
INC00999,assault,Langata,-1.344041,36.772887,2025-01-10,19:51,Low
INC01000,fire,Kibera,-1.313695,36.791182,2025-01-02,16:37,Low
